"roadID","animalID","GP_RTP","GP_REX","GP_RAV","GP_RRG","GP_RCY","GP_RSE","GP_RSI","GP_RSY","Shape_Leng","gp_gripreg","individual.local.identifier","visible","individual.id","deployment.id","tag.id","study.id","sensor.type.id","tag.local.identifier","individual.taxon.canonical.name","external.temperature","gps.dop","height.above.ellipsoid","manually.marked.outlier","study.name","sensor.type","birth.hatch.latitude","birth.hatch.longitude","comments","death.comments","earliest.date.born","exact.date.of.birth","group.id","latest.date.born","marker.id","mates","mortality.latitude","mortality.longitude","mortality.type","nick.name","offspring","parents","ring.id","sex","siblings","taxon.canonical.name","timestamp.start","timestamp.end","number.of.events","number.of.deployments","sensor.type.ids","taxon.detail","animalName","trackId","location.long","location.lat","timestamp.near","long.near","lat.near","species","sensor"
1,"YL73",2,1,2,1,124,1,26,2003,0.852287864384309,1,"YL73","true",1200770897,1200772585,1200770898,897981076,653,"YL73","Cervus elaphus",NA,NA,NA,NA,"Ya Ha Tinda elk project, Banff National Park, 2001-2020 (females)","GPS",NA,NA,NA,NA,NA,NA,NA,NA,NA,NA,NA,NA,NA,NA,NA,NA,NA,"f",NA,"Cervus elaphus","2004-02-20 00:02:00.000","2004-11-02 06:00:00.000",9614,1,"gps","ssp. canadensis","YL73","YL73.2004",-116.208329765253,51.4443609095155,"2004-06-09 07:00:00",-116.2095,51.44395,"Cervus elaphus","GPS"
1,"YL73",2,1,2,1,124,1,26,2003,0.852287864384309,1,"YL73","true",1200770897,1200772585,1200770898,897981076,653,"YL73","Cervus elaphus",NA,NA,NA,NA,"Ya Ha Tinda elk project, Banff National Park, 2001-2020 (females)","GPS",NA,NA,NA,NA,NA,NA,NA,NA,NA,NA,NA,NA,NA,NA,NA,NA,NA,"f",NA,"Cervus elaphus","2004-02-20 00:02:00.000","2004-11-02 06:00:00.000",9614,1,"gps","ssp. canadensis","YL73","YL73.2004",-116.206941824479,51.4439659955821,"2004-06-09 10:00:00",-116.2064,51.44385,"Cervus elaphus","GPS"
1,"YL73",2,1,2,1,124,1,26,2003,0.852287864384309,1,"YL73","true",1200770897,1200772585,1200770898,897981076,653,"YL73","Cervus elaphus",NA,NA,NA,NA,"Ya Ha Tinda elk project, Banff National Park, 2001-2020 (females)","GPS",NA,NA,NA,NA,NA,NA,NA,NA,NA,NA,NA,NA,NA,NA,NA,NA,NA,"f",NA,"Cervus elaphus","2004-02-20 00:02:00.000","2004-11-02 06:00:00.000",9614,1,"gps","ssp. canadensis","YL73","YL73.2004",-116.206881550572,51.4439488451849,"2004-06-09 10:00:00",-116.2064,51.44385,"Cervus elaphus","GPS"
1,"YL73",2,1,2,1,124,1,26,2003,0.852287864384309,1,"YL73","true",1200770897,1200772585,1200770898,897981076,653,"YL73","Cervus elaphus",NA,NA,NA,NA,"Ya Ha Tinda elk project, Banff National Park, 2001-2020 (females)","GPS",NA,NA,NA,NA,NA,NA,NA,NA,NA,NA,NA,NA,NA,NA,NA,NA,NA,"f",NA,"Cervus elaphus","2004-02-20 00:02:00.000","2004-11-02 06:00:00.000",9614,1,"gps","ssp. canadensis","YL73","YL73.2004",-116.247715540675,51.4863413355888,"2004-06-01 21:00:00",-116.248,51.48632,"Cervus elaphus","GPS"
1,"YL73",2,1,2,1,124,1,26,2003,0.852287864384309,1,"YL73","true",1200770897,1200772585,1200770898,897981076,653,"YL73","Cervus elaphus",NA,NA,NA,NA,"Ya Ha Tinda elk project, Banff National Park, 2001-2020 (females)","GPS",NA,NA,NA,NA,NA,NA,NA,NA,NA,NA,NA,NA,NA,NA,NA,NA,NA,"f",NA,"Cervus elaphus","2004-02-20 00:02:00.000","2004-11-02 06:00:00.000",9614,1,"gps","ssp. canadensis","YL73","YL73.2004",-116.247736634729,51.4863647018666,"2004-06-01 21:00:00",-116.248,51.48632,"Cervus elaphus","GPS"
1,"YL73",2,1,2,1,124,1,26,2003,0.852287864384309,1,"YL73","true",1200770897,1200772585,1200770898,897981076,653,"YL73","Cervus elaphus",NA,NA,NA,NA,"Ya Ha Tinda elk project, Banff National Park, 2001-2020 (females)","GPS",NA,NA,NA,NA,NA,NA,NA,NA,NA,NA,NA,NA,NA,NA,NA,NA,NA,"f",NA,"Cervus elaphus","2004-02-20 00:02:00.000","2004-11-02 06:00:00.000",9614,1,"gps","ssp. canadensis","YL73","YL73.2004",-116.248410960995,51.4871116510759,"2004-06-01 23:46:00",-116.2485,51.48679,"Cervus elaphus","GPS"
1,"YL73",2,1,2,1,124,1,26,2003,0.852287864384309,1,"YL73","true",1200770897,1200772585,1200770898,897981076,653,"YL73","Cervus elaphus",NA,NA,NA,NA,"Ya Ha Tinda elk project, Banff National Park, 2001-2020 (females)","GPS",NA,NA,NA,NA,NA,NA,NA,NA,NA,NA,NA,NA,NA,NA,NA,NA,NA,"f",NA,"Cervus elaphus","2004-02-20 00:02:00.000","2004-11-02 06:00:00.000",9614,1,"gps","ssp. canadensis","YL73","YL73.2004",-116.234324478913,51.4715022074609,"2004-06-01 08:15:00",-116.2345,51.47202,"Cervus elaphus","GPS"
1,"YL73",2,1,2,1,124,1,26,2003,0.852287864384309,1,"YL73","true",1200770897,1200772585,1200770898,897981076,653,"YL73","Cervus elaphus",NA,NA,NA,NA,"Ya Ha Tinda elk project, Banff National Park, 2001-2020 (females)","GPS",NA,NA,NA,NA,NA,NA,NA,NA,NA,NA,NA,NA,NA,NA,NA,NA,NA,"f",NA,"Cervus elaphus","2004-02-20 00:02:00.000","2004-11-02 06:00:00.000",9614,1,"gps","ssp. canadensis","YL73","YL73.2004",-116.235317116097,51.4726025689695,"2004-06-01 11:45:00",-116.2355,51.47265,"Cervus elaphus","GPS"
1,"YL73",2,1,2,1,124,1,26,2003,0.852287864384309,1,"YL73","true",1200770897,1200772585,1200770898,897981076,653,"YL73","Cervus elaphus",NA,NA,NA,NA,"Ya Ha Tinda elk project, Banff National Park, 2001-2020 (females)","GPS",NA,NA,NA,NA,NA,NA,NA,NA,NA,NA,NA,NA,NA,NA,NA,NA,NA,"f",NA,"Cervus elaphus","2004-02-20 00:02:00.000","2004-11-02 06:00:00.000",9614,1,"gps","ssp. canadensis","YL73","YL73.2004",-116.235488942939,51.4727930367973,"2004-06-01 08:45:00",-116.2354,51.47276,"Cervus elaphus","GPS"
1,"YL73",2,1,2,1,124,1,26,2003,0.852287864384309,1,"YL73","true",1200770897,1200772585,1200770898,897981076,653,"YL73","Cervus elaphus",NA,NA,NA,NA,"Ya Ha Tinda elk project, Banff National Park, 2001-2020 (females)","GPS",NA,NA,NA,NA,NA,NA,NA,NA,NA,NA,NA,NA,NA,NA,NA,NA,NA,"f",NA,"Cervus elaphus","2004-02-20 00:02:00.000","2004-11-02 06:00:00.000",9614,1,"gps","ssp. canadensis","YL73","YL73.2004",-116.235677747379,51.4730023219499,"2004-06-01 08:30:00",-116.2356,51.47296,"Cervus elaphus","GPS"
1,"YL73",2,1,2,1,124,1,26,2003,0.852287864384309,1,"YL73","true",1200770897,1200772585,1200770898,897981076,653,"YL73","Cervus elaphus",NA,NA,NA,NA,"Ya Ha Tinda elk project, Banff National Park, 2001-2020 (females)","GPS",NA,NA,NA,NA,NA,NA,NA,NA,NA,NA,NA,NA,NA,NA,NA,NA,NA,"f",NA,"Cervus elaphus","2004-02-20 00:02:00.000","2004-11-02 06:00:00.000",9614,1,"gps","ssp. canadensis","YL73","YL73.2004",-116.235967738404,51.4733237656516,"2004-06-01 13:00:00",-116.236,51.47329,"Cervus elaphus","GPS"
1,"YL73",2,1,2,1,124,1,26,2003,0.852287864384309,1,"YL73","true",1200770897,1200772585,1200770898,897981076,653,"YL73","Cervus elaphus",NA,NA,NA,NA,"Ya Ha Tinda elk project, Banff National Park, 2001-2020 (females)","GPS",NA,NA,NA,NA,NA,NA,NA,NA,NA,NA,NA,NA,NA,NA,NA,NA,NA,"f",NA,"Cervus elaphus","2004-02-20 00:02:00.000","2004-11-02 06:00:00.000",9614,1,"gps","ssp. canadensis","YL73","YL73.2004",-116.235868429327,51.4732136860168,"2004-06-01 02:15:00",-116.2358,51.4732,"Cervus elaphus","GPS"
1,"YL73",2,1,2,1,124,1,26,2003,0.852287864384309,1,"YL73","true",1200770897,1200772585,1200770898,897981076,653,"YL73","Cervus elaphus",NA,NA,NA,NA,"Ya Ha Tinda elk project, Banff National Park, 2001-2020 (females)","GPS",NA,NA,NA,NA,NA,NA,NA,NA,NA,NA,NA,NA,NA,NA,NA,NA,NA,"f",NA,"Cervus elaphus","2004-02-20 00:02:00.000","2004-11-02 06:00:00.000",9614,1,"gps","ssp. canadensis","YL73","YL73.2004",-116.236088356972,51.4734574650702,"2004-06-01 02:45:00",-116.2362,51.47337,"Cervus elaphus","GPS"
1,"YL73",2,1,2,1,124,1,26,2003,0.852287864384309,1,"YL73","true",1200770897,1200772585,1200770898,897981076,653,"YL73","Cervus elaphus",NA,NA,NA,NA,"Ya Ha Tinda elk project, Banff National Park, 2001-2020 (females)","GPS",NA,NA,NA,NA,NA,NA,NA,NA,NA,NA,NA,NA,NA,NA,NA,NA,NA,"f",NA,"Cervus elaphus","2004-02-20 00:02:00.000","2004-11-02 06:00:00.000",9614,1,"gps","ssp. canadensis","YL73","YL73.2004",-116.237047753296,51.4745208737521,"2004-06-01 03:45:00",-116.2371,51.47471,"Cervus elaphus","GPS"
1,"YL73",2,1,2,1,124,1,26,2003,0.852287864384309,1,"YL73","true",1200770897,1200772585,1200770898,897981076,653,"YL73","Cervus elaphus",NA,NA,NA,NA,"Ya Ha Tinda elk project, Banff National Park, 2001-2020 (females)","GPS",NA,NA,NA,NA,NA,NA,NA,NA,NA,NA,NA,NA,NA,NA,NA,NA,NA,"f",NA,"Cervus elaphus","2004-02-20 00:02:00.000","2004-11-02 06:00:00.000",9614,1,"gps","ssp. canadensis","YL73","YL73.2004",-116.236396810687,51.4737993658647,"2004-06-20 02:00:00",-116.2367,51.47386,"Cervus elaphus","GPS"
2,"YL73",2,1,2,1,124,1,26,2003,7.48604087505874,1,"YL73","true",1200770897,1200772585,1200770898,897981076,653,"YL73","Cervus elaphus",NA,NA,NA,NA,"Ya Ha Tinda elk project, Banff National Park, 2001-2020 (females)","GPS",NA,NA,NA,NA,NA,NA,NA,NA,NA,NA,NA,NA,NA,NA,NA,NA,NA,"f",NA,"Cervus elaphus","2004-02-20 00:02:00.000","2004-11-02 06:00:00.000",9614,1,"gps","ssp. canadensis","YL73","YL73.2004",-116.174818790185,51.4338924747869,"2004-06-12 06:00:00",-116.1768,51.4326,"Cervus elaphus","GPS"
2,"YL73",2,1,2,1,124,1,26,2003,7.48604087505874,1,"YL73","true",1200770897,1200772585,1200770898,897981076,653,"YL73","Cervus elaphus",NA,NA,NA,NA,"Ya Ha Tinda elk project, Banff National Park, 2001-2020 (females)","GPS",NA,NA,NA,NA,NA,NA,NA,NA,NA,NA,NA,NA,NA,NA,NA,NA,NA,"f",NA,"Cervus elaphus","2004-02-20 00:02:00.000","2004-11-02 06:00:00.000",9614,1,"gps","ssp. canadensis","YL73","YL73.2004",-116.182139486003,51.4361191950422,"2004-06-12 12:01:00",-116.1824,51.43635,"Cervus elaphus","GPS"
2,"YL73",2,1,2,1,124,1,26,2003,7.48604087505874,1,"YL73","true",1200770897,1200772585,1200770898,897981076,653,"YL73","Cervus elaphus",NA,NA,NA,NA,"Ya Ha Tinda elk project, Banff National Park, 2001-2020 (females)","GPS",NA,NA,NA,NA,NA,NA,NA,NA,NA,NA,NA,NA,NA,NA,NA,NA,NA,"f",NA,"Cervus elaphus","2004-02-20 00:02:00.000","2004-11-02 06:00:00.000",9614,1,"gps","ssp. canadensis","YL73","YL73.2004",-116.202825109008,51.4422184468254,"2004-06-19 02:01:00",-116.1999,51.44321,"Cervus elaphus","GPS"
2,"YL73",2,1,2,1,124,1,26,2003,7.48604087505874,1,"YL73","true",1200770897,1200772585,1200770898,897981076,653,"YL73","Cervus elaphus",NA,NA,NA,NA,"Ya Ha Tinda elk project, Banff National Park, 2001-2020 (females)","GPS",NA,NA,NA,NA,NA,NA,NA,NA,NA,NA,NA,NA,NA,NA,NA,NA,NA,"f",NA,"Cervus elaphus","2004-02-20 00:02:00.000","2004-11-02 06:00:00.000",9614,1,"gps","ssp. canadensis","YL73","YL73.2004",-116.197003865883,51.4410202985316,"2004-06-19",-116.1971,51.44134,"Cervus elaphus","GPS"
2,"YL73",2,1,2,1,124,1,26,2003,7.48604087505874,1,"YL73","true",1200770897,1200772585,1200770898,897981076,653,"YL73","Cervus elaphus",NA,NA,NA,NA,"Ya Ha Tinda elk project, Banff National Park, 2001-2020 (females)","GPS",NA,NA,NA,NA,NA,NA,NA,NA,NA,NA,NA,NA,NA,NA,NA,NA,NA,"f",NA,"Cervus elaphus","2004-02-20 00:02:00.000","2004-11-02 06:00:00.000",9614,1,"gps","ssp. canadensis","YL73","YL73.2004",-116.21624059159,51.4431473821587,"2004-06-06 04:15:00",-116.2167,51.44308,"Cervus elaphus","GPS"
2,"YL73",2,1,2,1,124,1,26,2003,7.48604087505874,1,"YL73","true",1200770897,1200772585,1200770898,897981076,653,"YL73","Cervus elaphus",NA,NA,NA,NA,"Ya Ha Tinda elk project, Banff National Park, 2001-2020 (females)","GPS",NA,NA,NA,NA,NA,NA,NA,NA,NA,NA,NA,NA,NA,NA,NA,NA,NA,"f",NA,"Cervus elaphus","2004-02-20 00:02:00.000","2004-11-02 06:00:00.000",9614,1,"gps","ssp. canadensis","YL73","YL73.2004",-116.217118902348,51.4431815865186,"2004-06-05 04:31:00",-116.2171,51.44313,"Cervus elaphus","GPS"
2,"YL73",2,1,2,1,124,1,26,2003,7.48604087505874,1,"YL73","true",1200770897,1200772585,1200770898,897981076,653,"YL73","Cervus elaphus",NA,NA,NA,NA,"Ya Ha Tinda elk project, Banff National Park, 2001-2020 (females)","GPS",NA,NA,NA,NA,NA,NA,NA,NA,NA,NA,NA,NA,NA,NA,NA,NA,NA,"f",NA,"Cervus elaphus","2004-02-20 00:02:00.000","2004-11-02 06:00:00.000",9614,1,"gps","ssp. canadensis","YL73","YL73.2004",-116.217240835796,51.4431863344923,"2004-06-06 03:30:00",-116.2172,51.44315,"Cervus elaphus","GPS"
2,"YL73",2,1,2,1,124,1,26,2003,7.48604087505874,1,"YL73","true",1200770897,1200772585,1200770898,897981076,653,"YL73","Cervus elaphus",NA,NA,NA,NA,"Ya Ha Tinda elk project, Banff National Park, 2001-2020 (females)","GPS",NA,NA,NA,NA,NA,NA,NA,NA,NA,NA,NA,NA,NA,NA,NA,NA,NA,"f",NA,"Cervus elaphus","2004-02-20 00:02:00.000","2004-11-02 06:00:00.000",9614,1,"gps","ssp. canadensis","YL73","YL73.2004",-116.217328745787,51.4431897575455,"2004-06-05 04:15:00",-116.2174,51.44325,"Cervus elaphus","GPS"
2,"YL73",2,1,2,1,124,1,26,2003,7.48604087505874,1,"YL73","true",1200770897,1200772585,1200770898,897981076,653,"YL73","Cervus elaphus",NA,NA,NA,NA,"Ya Ha Tinda elk project, Banff National Park, 2001-2020 (females)","GPS",NA,NA,NA,NA,NA,NA,NA,NA,NA,NA,NA,NA,NA,NA,NA,NA,NA,"f",NA,"Cervus elaphus","2004-02-20 00:02:00.000","2004-11-02 06:00:00.000",9614,1,"gps","ssp. canadensis","YL73","YL73.2004",-116.217364426828,51.4431911468806,"2004-06-05 04:15:00",-116.2174,51.44325,"Cervus elaphus","GPS"
2,"YL73",2,1,2,1,124,1,26,2003,7.48604087505874,1,"YL73","true",1200770897,1200772585,1200770898,897981076,653,"YL73","Cervus elaphus",NA,NA,NA,NA,"Ya Ha Tinda elk project, Banff National Park, 2001-2020 (females)","GPS",NA,NA,NA,NA,NA,NA,NA,NA,NA,NA,NA,NA,NA,NA,NA,NA,NA,"f",NA,"Cervus elaphus","2004-02-20 00:02:00.000","2004-11-02 06:00:00.000",9614,1,"gps","ssp. canadensis","YL73","YL73.2004",-116.217568658349,51.4431990989618,"2004-06-05 04:01:00",-116.2176,51.44319,"Cervus elaphus","GPS"
2,"YL73",2,1,2,1,124,1,26,2003,7.48604087505874,1,"YL73","true",1200770897,1200772585,1200770898,897981076,653,"YL73","Cervus elaphus",NA,NA,NA,NA,"Ya Ha Tinda elk project, Banff National Park, 2001-2020 (females)","GPS",NA,NA,NA,NA,NA,NA,NA,NA,NA,NA,NA,NA,NA,NA,NA,NA,NA,"f",NA,"Cervus elaphus","2004-02-20 00:02:00.000","2004-11-02 06:00:00.000",9614,1,"gps","ssp. canadensis","YL73","YL73.2004",-116.217569553993,51.4431991338343,"2004-06-05 04:01:00",-116.2176,51.44319,"Cervus elaphus","GPS"
2,"YL73",2,1,2,1,124,1,26,2003,7.48604087505874,1,"YL73","true",1200770897,1200772585,1200770898,897981076,653,"YL73","Cervus elaphus",NA,NA,NA,NA,"Ya Ha Tinda elk project, Banff National Park, 2001-2020 (females)","GPS",NA,NA,NA,NA,NA,NA,NA,NA,NA,NA,NA,NA,NA,NA,NA,NA,NA,"f",NA,"Cervus elaphus","2004-02-20 00:02:00.000","2004-11-02 06:00:00.000",9614,1,"gps","ssp. canadensis","YL73","YL73.2004",-116.21738482357,51.4431919410765,"2004-06-05 04:15:00",-116.2174,51.44325,"Cervus elaphus","GPS"
2,"YL73",2,1,2,1,124,1,26,2003,7.48604087505874,1,"YL73","true",1200770897,1200772585,1200770898,897981076,653,"YL73","Cervus elaphus",NA,NA,NA,NA,"Ya Ha Tinda elk project, Banff National Park, 2001-2020 (females)","GPS",NA,NA,NA,NA,NA,NA,NA,NA,NA,NA,NA,NA,NA,NA,NA,NA,NA,"f",NA,"Cervus elaphus","2004-02-20 00:02:00.000","2004-11-02 06:00:00.000",9614,1,"gps","ssp. canadensis","YL73","YL73.2004",-116.217794365131,51.4432078868007,"2004-06-05 02:15:00",-116.2177,51.44324,"Cervus elaphus","GPS"
2,"YL73",2,1,2,1,124,1,26,2003,7.48604087505874,1,"YL73","true",1200770897,1200772585,1200770898,897981076,653,"YL73","Cervus elaphus",NA,NA,NA,NA,"Ya Ha Tinda elk project, Banff National Park, 2001-2020 (females)","GPS",NA,NA,NA,NA,NA,NA,NA,NA,NA,NA,NA,NA,NA,NA,NA,NA,NA,"f",NA,"Cervus elaphus","2004-02-20 00:02:00.000","2004-11-02 06:00:00.000",9614,1,"gps","ssp. canadensis","YL73","YL73.2004",-116.217734039287,51.4432055380714,"2004-06-05 02:15:00",-116.2177,51.44324,"Cervus elaphus","GPS"
2,"YL73",2,1,2,1,124,1,26,2003,7.48604087505874,1,"YL73","true",1200770897,1200772585,1200770898,897981076,653,"YL73","Cervus elaphus",NA,NA,NA,NA,"Ya Ha Tinda elk project, Banff National Park, 2001-2020 (females)","GPS",NA,NA,NA,NA,NA,NA,NA,NA,NA,NA,NA,NA,NA,NA,NA,NA,NA,"f",NA,"Cervus elaphus","2004-02-20 00:02:00.000","2004-11-02 06:00:00.000",9614,1,"gps","ssp. canadensis","YL73","YL73.2004",-116.217677830119,51.4432033495928,"2004-06-05 02:15:00",-116.2177,51.44324,"Cervus elaphus","GPS"
2,"YL73",2,1,2,1,124,1,26,2003,7.48604087505874,1,"YL73","true",1200770897,1200772585,1200770898,897981076,653,"YL73","Cervus elaphus",NA,NA,NA,NA,"Ya Ha Tinda elk project, Banff National Park, 2001-2020 (females)","GPS",NA,NA,NA,NA,NA,NA,NA,NA,NA,NA,NA,NA,NA,NA,NA,NA,NA,"f",NA,"Cervus elaphus","2004-02-20 00:02:00.000","2004-11-02 06:00:00.000",9614,1,"gps","ssp. canadensis","YL73","YL73.2004",-116.217677075055,51.4432033201945,"2004-06-05 02:15:00",-116.2177,51.44324,"Cervus elaphus","GPS"
2,"YL73",2,1,2,1,124,1,26,2003,7.48604087505874,1,"YL73","true",1200770897,1200772585,1200770898,897981076,653,"YL73","Cervus elaphus",NA,NA,NA,NA,"Ya Ha Tinda elk project, Banff National Park, 2001-2020 (females)","GPS",NA,NA,NA,NA,NA,NA,NA,NA,NA,NA,NA,NA,NA,NA,NA,NA,NA,"f",NA,"Cervus elaphus","2004-02-20 00:02:00.000","2004-11-02 06:00:00.000",9614,1,"gps","ssp. canadensis","YL73","YL73.2004",-116.217671837354,51.4432031162656,"2004-06-05 02:15:00",-116.2177,51.44324,"Cervus elaphus","GPS"
2,"YL73",2,1,2,1,124,1,26,2003,7.48604087505874,1,"YL73","true",1200770897,1200772585,1200770898,897981076,653,"YL73","Cervus elaphus",NA,NA,NA,NA,"Ya Ha Tinda elk project, Banff National Park, 2001-2020 (females)","GPS",NA,NA,NA,NA,NA,NA,NA,NA,NA,NA,NA,NA,NA,NA,NA,NA,NA,"f",NA,"Cervus elaphus","2004-02-20 00:02:00.000","2004-11-02 06:00:00.000",9614,1,"gps","ssp. canadensis","YL73","YL73.2004",-116.21762549049,51.4432013117486,"2004-06-05 04:01:00",-116.2176,51.44319,"Cervus elaphus","GPS"
2,"YL73",2,1,2,1,124,1,26,2003,7.48604087505874,1,"YL73","true",1200770897,1200772585,1200770898,897981076,653,"YL73","Cervus elaphus",NA,NA,NA,NA,"Ya Ha Tinda elk project, Banff National Park, 2001-2020 (females)","GPS",NA,NA,NA,NA,NA,NA,NA,NA,NA,NA,NA,NA,NA,NA,NA,NA,NA,"f",NA,"Cervus elaphus","2004-02-20 00:02:00.000","2004-11-02 06:00:00.000",9614,1,"gps","ssp. canadensis","YL73","YL73.2004",-116.217630757897,51.4432015168362,"2004-06-05 04:01:00",-116.2176,51.44319,"Cervus elaphus","GPS"
2,"YL73",2,1,2,1,124,1,26,2003,7.48604087505874,1,"YL73","true",1200770897,1200772585,1200770898,897981076,653,"YL73","Cervus elaphus",NA,NA,NA,NA,"Ya Ha Tinda elk project, Banff National Park, 2001-2020 (females)","GPS",NA,NA,NA,NA,NA,NA,NA,NA,NA,NA,NA,NA,NA,NA,NA,NA,NA,"f",NA,"Cervus elaphus","2004-02-20 00:02:00.000","2004-11-02 06:00:00.000",9614,1,"gps","ssp. canadensis","YL73","YL73.2004",-116.217626874285,51.443201365627,"2004-06-05 04:01:00",-116.2176,51.44319,"Cervus elaphus","GPS"
2,"YL73",2,1,2,1,124,1,26,2003,7.48604087505874,1,"YL73","true",1200770897,1200772585,1200770898,897981076,653,"YL73","Cervus elaphus",NA,NA,NA,NA,"Ya Ha Tinda elk project, Banff National Park, 2001-2020 (females)","GPS",NA,NA,NA,NA,NA,NA,NA,NA,NA,NA,NA,NA,NA,NA,NA,NA,NA,"f",NA,"Cervus elaphus","2004-02-20 00:02:00.000","2004-11-02 06:00:00.000",9614,1,"gps","ssp. canadensis","YL73","YL73.2004",-116.217966859719,51.4432146025413,"2004-06-05 11:00:00",-116.218,51.4433,"Cervus elaphus","GPS"
2,"YL73",2,1,2,1,124,1,26,2003,7.48604087505874,1,"YL73","true",1200770897,1200772585,1200770898,897981076,653,"YL73","Cervus elaphus",NA,NA,NA,NA,"Ya Ha Tinda elk project, Banff National Park, 2001-2020 (females)","GPS",NA,NA,NA,NA,NA,NA,NA,NA,NA,NA,NA,NA,NA,NA,NA,NA,NA,"f",NA,"Cervus elaphus","2004-02-20 00:02:00.000","2004-11-02 06:00:00.000",9614,1,"gps","ssp. canadensis","YL73","YL73.2004",-116.218008537692,51.4432162251536,"2004-06-05 11:00:00",-116.218,51.4433,"Cervus elaphus","GPS"
2,"YL73",2,1,2,1,124,1,26,2003,7.48604087505874,1,"YL73","true",1200770897,1200772585,1200770898,897981076,653,"YL73","Cervus elaphus",NA,NA,NA,NA,"Ya Ha Tinda elk project, Banff National Park, 2001-2020 (females)","GPS",NA,NA,NA,NA,NA,NA,NA,NA,NA,NA,NA,NA,NA,NA,NA,NA,NA,"f",NA,"Cervus elaphus","2004-02-20 00:02:00.000","2004-11-02 06:00:00.000",9614,1,"gps","ssp. canadensis","YL73","YL73.2004",-116.218570903519,51.4432381177985,"2004-06-05",-116.2188,51.44353,"Cervus elaphus","GPS"
2,"YL73",2,1,2,1,124,1,26,2003,7.48604087505874,1,"YL73","true",1200770897,1200772585,1200770898,897981076,653,"YL73","Cervus elaphus",NA,NA,NA,NA,"Ya Ha Tinda elk project, Banff National Park, 2001-2020 (females)","GPS",NA,NA,NA,NA,NA,NA,NA,NA,NA,NA,NA,NA,NA,NA,NA,NA,NA,"f",NA,"Cervus elaphus","2004-02-20 00:02:00.000","2004-11-02 06:00:00.000",9614,1,"gps","ssp. canadensis","YL73","YL73.2004",-116.219745599497,51.443300801928,"2004-06-06 03:00:00",-116.2197,51.44305,"Cervus elaphus","GPS"
2,"YL73",2,1,2,1,124,1,26,2003,7.48604087505874,1,"YL73","true",1200770897,1200772585,1200770898,897981076,653,"YL73","Cervus elaphus",NA,NA,NA,NA,"Ya Ha Tinda elk project, Banff National Park, 2001-2020 (females)","GPS",NA,NA,NA,NA,NA,NA,NA,NA,NA,NA,NA,NA,NA,NA,NA,NA,NA,"f",NA,"Cervus elaphus","2004-02-20 00:02:00.000","2004-11-02 06:00:00.000",9614,1,"gps","ssp. canadensis","YL73","YL73.2004",-116.220580650298,51.4433731294002,"2004-06-04 08:15:00",-116.2211,51.44362,"Cervus elaphus","GPS"
2,"YL73",2,1,2,1,124,1,26,2003,7.48604087505874,1,"YL73","true",1200770897,1200772585,1200770898,897981076,653,"YL73","Cervus elaphus",NA,NA,NA,NA,"Ya Ha Tinda elk project, Banff National Park, 2001-2020 (females)","GPS",NA,NA,NA,NA,NA,NA,NA,NA,NA,NA,NA,NA,NA,NA,NA,NA,NA,"f",NA,"Cervus elaphus","2004-02-20 00:02:00.000","2004-11-02 06:00:00.000",9614,1,"gps","ssp. canadensis","YL73","YL73.2004",-116.221077116844,51.4434161276605,"2004-06-04 08:15:00",-116.2211,51.44362,"Cervus elaphus","GPS"
2,"YL73",2,1,2,1,124,1,26,2003,7.48604087505874,1,"YL73","true",1200770897,1200772585,1200770898,897981076,653,"YL73","Cervus elaphus",NA,NA,NA,NA,"Ya Ha Tinda elk project, Banff National Park, 2001-2020 (females)","GPS",NA,NA,NA,NA,NA,NA,NA,NA,NA,NA,NA,NA,NA,NA,NA,NA,NA,"f",NA,"Cervus elaphus","2004-02-20 00:02:00.000","2004-11-02 06:00:00.000",9614,1,"gps","ssp. canadensis","YL73","YL73.2004",-116.224551875463,51.443717010595,"2004-06-04 07:45:00",-116.2248,51.44379,"Cervus elaphus","GPS"
2,"YL73",2,1,2,1,124,1,26,2003,7.48604087505874,1,"YL73","true",1200770897,1200772585,1200770898,897981076,653,"YL73","Cervus elaphus",NA,NA,NA,NA,"Ya Ha Tinda elk project, Banff National Park, 2001-2020 (females)","GPS",NA,NA,NA,NA,NA,NA,NA,NA,NA,NA,NA,NA,NA,NA,NA,NA,NA,"f",NA,"Cervus elaphus","2004-02-20 00:02:00.000","2004-11-02 06:00:00.000",9614,1,"gps","ssp. canadensis","YL73","YL73.2004",-116.224699283768,51.4437297724735,"2004-06-04 07:45:00",-116.2248,51.44379,"Cervus elaphus","GPS"
2,"YL73",2,1,2,1,124,1,26,2003,7.48604087505874,1,"YL73","true",1200770897,1200772585,1200770898,897981076,653,"YL73","Cervus elaphus",NA,NA,NA,NA,"Ya Ha Tinda elk project, Banff National Park, 2001-2020 (females)","GPS",NA,NA,NA,NA,NA,NA,NA,NA,NA,NA,NA,NA,NA,NA,NA,NA,NA,"f",NA,"Cervus elaphus","2004-02-20 00:02:00.000","2004-11-02 06:00:00.000",9614,1,"gps","ssp. canadensis","YL73","YL73.2004",-116.22818778262,51.4440317333379,"2004-06-02 09:00:00",-116.2285,51.44417,"Cervus elaphus","GPS"
2,"YL73",2,1,2,1,124,1,26,2003,7.48604087505874,1,"YL73","true",1200770897,1200772585,1200770898,897981076,653,"YL73","Cervus elaphus",NA,NA,NA,NA,"Ya Ha Tinda elk project, Banff National Park, 2001-2020 (females)","GPS",NA,NA,NA,NA,NA,NA,NA,NA,NA,NA,NA,NA,NA,NA,NA,NA,NA,"f",NA,"Cervus elaphus","2004-02-20 00:02:00.000","2004-11-02 06:00:00.000",9614,1,"gps","ssp. canadensis","YL73","YL73.2004",-116.227965132395,51.4440124641761,"2004-06-02 08:45:00",-116.2278,51.44386,"Cervus elaphus","GPS"
2,"YL73",2,1,2,1,124,1,26,2003,7.48604087505874,1,"YL73","true",1200770897,1200772585,1200770898,897981076,653,"YL73","Cervus elaphus",NA,NA,NA,NA,"Ya Ha Tinda elk project, Banff National Park, 2001-2020 (females)","GPS",NA,NA,NA,NA,NA,NA,NA,NA,NA,NA,NA,NA,NA,NA,NA,NA,NA,"f",NA,"Cervus elaphus","2004-02-20 00:02:00.000","2004-11-02 06:00:00.000",9614,1,"gps","ssp. canadensis","YL73","YL73.2004",-116.257255727018,51.4546861288716,"2004-06-04 03:45:00",-116.2554,51.4552,"Cervus elaphus","GPS"
2,"YL73",2,1,2,1,124,1,26,2003,7.48604087505874,1,"YL73","true",1200770897,1200772585,1200770898,897981076,653,"YL73","Cervus elaphus",NA,NA,NA,NA,"Ya Ha Tinda elk project, Banff National Park, 2001-2020 (females)","GPS",NA,NA,NA,NA,NA,NA,NA,NA,NA,NA,NA,NA,NA,NA,NA,NA,NA,"f",NA,"Cervus elaphus","2004-02-20 00:02:00.000","2004-11-02 06:00:00.000",9614,1,"gps","ssp. canadensis","YL73","YL73.2004",-116.259517522324,51.4561539099166,"2004-06-04 03:00:00",-116.2597,51.45786,"Cervus elaphus","GPS"
3,"YL78",2,1,2,1,124,1,26,2003,0.852287864384309,1,"YL78","true",1200770887,1200772663,1200770888,897981076,653,"YL78","Cervus elaphus",NA,NA,NA,NA,"Ya Ha Tinda elk project, Banff National Park, 2001-2020 (females)","GPS",NA,NA,NA,NA,NA,NA,NA,NA,NA,NA,NA,NA,NA,NA,NA,NA,NA,"f",NA,"Cervus elaphus","2004-02-19 19:00:36.000","2004-10-10 21:46:27.000",3928,1,"gps","ssp. canadensis","YL78","YL78.2004",-116.216377102224,51.4566254416134,"2004-07-15 05:01:13",-116.2174,51.45675,"Cervus elaphus","GPS"
3,"YL78",2,1,2,1,124,1,26,2003,0.852287864384309,1,"YL78","true",1200770887,1200772663,1200770888,897981076,653,"YL78","Cervus elaphus",NA,NA,NA,NA,"Ya Ha Tinda elk project, Banff National Park, 2001-2020 (females)","GPS",NA,NA,NA,NA,NA,NA,NA,NA,NA,NA,NA,NA,NA,NA,NA,NA,NA,"f",NA,"Cervus elaphus","2004-02-19 19:00:36.000","2004-10-10 21:46:27.000",3928,1,"gps","ssp. canadensis","YL78","YL78.2004",-116.214638048113,51.452828127033,"2004-07-16 23:00:57",-116.2141,51.45279,"Cervus elaphus","GPS"
3,"YL78",2,1,2,1,124,1,26,2003,0.852287864384309,1,"YL78","true",1200770887,1200772663,1200770888,897981076,653,"YL78","Cervus elaphus",NA,NA,NA,NA,"Ya Ha Tinda elk project, Banff National Park, 2001-2020 (females)","GPS",NA,NA,NA,NA,NA,NA,NA,NA,NA,NA,NA,NA,NA,NA,NA,NA,NA,"f",NA,"Cervus elaphus","2004-02-19 19:00:36.000","2004-10-10 21:46:27.000",3928,1,"gps","ssp. canadensis","YL78","YL78.2004",-116.21344183917,51.4496098757175,"2004-08-12 23:01:07",-116.2136,51.44982,"Cervus elaphus","GPS"
3,"YL78",2,1,2,1,124,1,26,2003,0.852287864384309,1,"YL78","true",1200770887,1200772663,1200770888,897981076,653,"YL78","Cervus elaphus",NA,NA,NA,NA,"Ya Ha Tinda elk project, Banff National Park, 2001-2020 (females)","GPS",NA,NA,NA,NA,NA,NA,NA,NA,NA,NA,NA,NA,NA,NA,NA,NA,NA,"f",NA,"Cervus elaphus","2004-02-19 19:00:36.000","2004-10-10 21:46:27.000",3928,1,"gps","ssp. canadensis","YL78","YL78.2004",-116.213534249708,51.4498585113762,"2004-08-12 23:01:07",-116.2136,51.44982,"Cervus elaphus","GPS"
3,"YL78",2,1,2,1,124,1,26,2003,0.852287864384309,1,"YL78","true",1200770887,1200772663,1200770888,897981076,653,"YL78","Cervus elaphus",NA,NA,NA,NA,"Ya Ha Tinda elk project, Banff National Park, 2001-2020 (females)","GPS",NA,NA,NA,NA,NA,NA,NA,NA,NA,NA,NA,NA,NA,NA,NA,NA,NA,"f",NA,"Cervus elaphus","2004-02-19 19:00:36.000","2004-10-10 21:46:27.000",3928,1,"gps","ssp. canadensis","YL78","YL78.2004",-116.212135671928,51.4460952631393,"2004-07-26 08:00:49",-116.2121,51.44614,"Cervus elaphus","GPS"
3,"YL78",2,1,2,1,124,1,26,2003,0.852287864384309,1,"YL78","true",1200770887,1200772663,1200770888,897981076,653,"YL78","Cervus elaphus",NA,NA,NA,NA,"Ya Ha Tinda elk project, Banff National Park, 2001-2020 (females)","GPS",NA,NA,NA,NA,NA,NA,NA,NA,NA,NA,NA,NA,NA,NA,NA,NA,NA,"f",NA,"Cervus elaphus","2004-02-19 19:00:36.000","2004-10-10 21:46:27.000",3928,1,"gps","ssp. canadensis","YL78","YL78.2004",-116.212137978607,51.4461014704005,"2004-07-26 08:00:49",-116.2121,51.44614,"Cervus elaphus","GPS"
3,"YL78",2,1,2,1,124,1,26,2003,0.852287864384309,1,"YL78","true",1200770887,1200772663,1200770888,897981076,653,"YL78","Cervus elaphus",NA,NA,NA,NA,"Ya Ha Tinda elk project, Banff National Park, 2001-2020 (females)","GPS",NA,NA,NA,NA,NA,NA,NA,NA,NA,NA,NA,NA,NA,NA,NA,NA,NA,"f",NA,"Cervus elaphus","2004-02-19 19:00:36.000","2004-10-10 21:46:27.000",3928,1,"gps","ssp. canadensis","YL78","YL78.2004",-116.211899306486,51.4459326172533,"2004-07-26 07:30:48",-116.2118,51.44591,"Cervus elaphus","GPS"
3,"YL78",2,1,2,1,124,1,26,2003,0.852287864384309,1,"YL78","true",1200770887,1200772663,1200770888,897981076,653,"YL78","Cervus elaphus",NA,NA,NA,NA,"Ya Ha Tinda elk project, Banff National Park, 2001-2020 (females)","GPS",NA,NA,NA,NA,NA,NA,NA,NA,NA,NA,NA,NA,NA,NA,NA,NA,NA,"f",NA,"Cervus elaphus","2004-02-19 19:00:36.000","2004-10-10 21:46:27.000",3928,1,"gps","ssp. canadensis","YL78","YL78.2004",-116.2118,51.4458691730662,"2004-07-26 07:45:34",-116.2118,51.44583,"Cervus elaphus","GPS"
4,"YL78",2,1,2,1,124,1,26,2003,7.48604087505874,1,"YL78","true",1200770887,1200772663,1200770888,897981076,653,"YL78","Cervus elaphus",NA,NA,NA,NA,"Ya Ha Tinda elk project, Banff National Park, 2001-2020 (females)","GPS",NA,NA,NA,NA,NA,NA,NA,NA,NA,NA,NA,NA,NA,NA,NA,NA,NA,"f",NA,"Cervus elaphus","2004-02-19 19:00:36.000","2004-10-10 21:46:27.000",3928,1,"gps","ssp. canadensis","YL78","YL78.2004",-116.170760924803,51.4331649151723,"2004-06-20 06:15:52",-116.1708,51.43295,"Cervus elaphus","GPS"
4,"YL78",2,1,2,1,124,1,26,2003,7.48604087505874,1,"YL78","true",1200770887,1200772663,1200770888,897981076,653,"YL78","Cervus elaphus",NA,NA,NA,NA,"Ya Ha Tinda elk project, Banff National Park, 2001-2020 (females)","GPS",NA,NA,NA,NA,NA,NA,NA,NA,NA,NA,NA,NA,NA,NA,NA,NA,NA,"f",NA,"Cervus elaphus","2004-02-19 19:00:36.000","2004-10-10 21:46:27.000",3928,1,"gps","ssp. canadensis","YL78","YL78.2004",-116.161662960915,51.4315119285456,"2004-06-02 23:01:13",-116.1644,51.43163,"Cervus elaphus","GPS"
4,"YL78",2,1,2,1,124,1,26,2003,7.48604087505874,1,"YL78","true",1200770887,1200772663,1200770888,897981076,653,"YL78","Cervus elaphus",NA,NA,NA,NA,"Ya Ha Tinda elk project, Banff National Park, 2001-2020 (females)","GPS",NA,NA,NA,NA,NA,NA,NA,NA,NA,NA,NA,NA,NA,NA,NA,NA,NA,"f",NA,"Cervus elaphus","2004-02-19 19:00:36.000","2004-10-10 21:46:27.000",3928,1,"gps","ssp. canadensis","YL78","YL78.2004",-116.16469494637,51.4323687368735,"2004-06-02 19:00:58",-116.1642,51.43234,"Cervus elaphus","GPS"
4,"YL78",2,1,2,1,124,1,26,2003,7.48604087505874,1,"YL78","true",1200770887,1200772663,1200770888,897981076,653,"YL78","Cervus elaphus",NA,NA,NA,NA,"Ya Ha Tinda elk project, Banff National Park, 2001-2020 (females)","GPS",NA,NA,NA,NA,NA,NA,NA,NA,NA,NA,NA,NA,NA,NA,NA,NA,NA,"f",NA,"Cervus elaphus","2004-02-19 19:00:36.000","2004-10-10 21:46:27.000",3928,1,"gps","ssp. canadensis","YL78","YL78.2004",-116.165000991961,51.4324398380985,"2004-06-02 19:00:58",-116.1642,51.43234,"Cervus elaphus","GPS"
4,"YL78",2,1,2,1,124,1,26,2003,7.48604087505874,1,"YL78","true",1200770887,1200772663,1200770888,897981076,653,"YL78","Cervus elaphus",NA,NA,NA,NA,"Ya Ha Tinda elk project, Banff National Park, 2001-2020 (females)","GPS",NA,NA,NA,NA,NA,NA,NA,NA,NA,NA,NA,NA,NA,NA,NA,NA,NA,"f",NA,"Cervus elaphus","2004-02-19 19:00:36.000","2004-10-10 21:46:27.000",3928,1,"gps","ssp. canadensis","YL78","YL78.2004",-116.165033888116,51.4324474805492,"2004-06-02 19:00:58",-116.1642,51.43234,"Cervus elaphus","GPS"
4,"YL78",2,1,2,1,124,1,26,2003,7.48604087505874,1,"YL78","true",1200770887,1200772663,1200770888,897981076,653,"YL78","Cervus elaphus",NA,NA,NA,NA,"Ya Ha Tinda elk project, Banff National Park, 2001-2020 (females)","GPS",NA,NA,NA,NA,NA,NA,NA,NA,NA,NA,NA,NA,NA,NA,NA,NA,NA,"f",NA,"Cervus elaphus","2004-02-19 19:00:36.000","2004-10-10 21:46:27.000",3928,1,"gps","ssp. canadensis","YL78","YL78.2004",-116.164238210499,51.4322626250381,"2004-06-02 19:00:58",-116.1642,51.43234,"Cervus elaphus","GPS"
4,"YL78",2,1,2,1,124,1,26,2003,7.48604087505874,1,"YL78","true",1200770887,1200772663,1200770888,897981076,653,"YL78","Cervus elaphus",NA,NA,NA,NA,"Ya Ha Tinda elk project, Banff National Park, 2001-2020 (females)","GPS",NA,NA,NA,NA,NA,NA,NA,NA,NA,NA,NA,NA,NA,NA,NA,NA,NA,"f",NA,"Cervus elaphus","2004-02-19 19:00:36.000","2004-10-10 21:46:27.000",3928,1,"gps","ssp. canadensis","YL78","YL78.2004",-116.164257910051,51.4322672018123,"2004-06-02 19:00:58",-116.1642,51.43234,"Cervus elaphus","GPS"
4,"YL78",2,1,2,1,124,1,26,2003,7.48604087505874,1,"YL78","true",1200770887,1200772663,1200770888,897981076,653,"YL78","Cervus elaphus",NA,NA,NA,NA,"Ya Ha Tinda elk project, Banff National Park, 2001-2020 (females)","GPS",NA,NA,NA,NA,NA,NA,NA,NA,NA,NA,NA,NA,NA,NA,NA,NA,NA,"f",NA,"Cervus elaphus","2004-02-19 19:00:36.000","2004-10-10 21:46:27.000",3928,1,"gps","ssp. canadensis","YL78","YL78.2004",-116.163660287069,51.432128354874,"2004-06-02 19:00:58",-116.1642,51.43234,"Cervus elaphus","GPS"
4,"YL78",2,1,2,1,124,1,26,2003,7.48604087505874,1,"YL78","true",1200770887,1200772663,1200770888,897981076,653,"YL78","Cervus elaphus",NA,NA,NA,NA,"Ya Ha Tinda elk project, Banff National Park, 2001-2020 (females)","GPS",NA,NA,NA,NA,NA,NA,NA,NA,NA,NA,NA,NA,NA,NA,NA,NA,NA,"f",NA,"Cervus elaphus","2004-02-19 19:00:36.000","2004-10-10 21:46:27.000",3928,1,"gps","ssp. canadensis","YL78","YL78.2004",-116.163365319034,51.4320598229314,"2004-06-02 19:00:58",-116.1642,51.43234,"Cervus elaphus","GPS"
4,"YL78",2,1,2,1,124,1,26,2003,7.48604087505874,1,"YL78","true",1200770887,1200772663,1200770888,897981076,653,"YL78","Cervus elaphus",NA,NA,NA,NA,"Ya Ha Tinda elk project, Banff National Park, 2001-2020 (females)","GPS",NA,NA,NA,NA,NA,NA,NA,NA,NA,NA,NA,NA,NA,NA,NA,NA,NA,"f",NA,"Cervus elaphus","2004-02-19 19:00:36.000","2004-10-10 21:46:27.000",3928,1,"gps","ssp. canadensis","YL78","YL78.2004",-116.17036479367,51.4331267299499,"2004-06-20 06:15:52",-116.1708,51.43295,"Cervus elaphus","GPS"
4,"YL78",2,1,2,1,124,1,26,2003,7.48604087505874,1,"YL78","true",1200770887,1200772663,1200770888,897981076,653,"YL78","Cervus elaphus",NA,NA,NA,NA,"Ya Ha Tinda elk project, Banff National Park, 2001-2020 (females)","GPS",NA,NA,NA,NA,NA,NA,NA,NA,NA,NA,NA,NA,NA,NA,NA,NA,NA,"f",NA,"Cervus elaphus","2004-02-19 19:00:36.000","2004-10-10 21:46:27.000",3928,1,"gps","ssp. canadensis","YL78","YL78.2004",-116.155887715527,51.4254427231424,"2004-06-03 19:01:20",-116.1563,51.42521,"Cervus elaphus","GPS"
4,"YL78",2,1,2,1,124,1,26,2003,7.48604087505874,1,"YL78","true",1200770887,1200772663,1200770888,897981076,653,"YL78","Cervus elaphus",NA,NA,NA,NA,"Ya Ha Tinda elk project, Banff National Park, 2001-2020 (females)","GPS",NA,NA,NA,NA,NA,NA,NA,NA,NA,NA,NA,NA,NA,NA,NA,NA,NA,"f",NA,"Cervus elaphus","2004-02-19 19:00:36.000","2004-10-10 21:46:27.000",3928,1,"gps","ssp. canadensis","YL78","YL78.2004",-116.156044731369,51.4256848374962,"2004-06-03 19:01:20",-116.1563,51.42521,"Cervus elaphus","GPS"
4,"YL78",2,1,2,1,124,1,26,2003,7.48604087505874,1,"YL78","true",1200770887,1200772663,1200770888,897981076,653,"YL78","Cervus elaphus",NA,NA,NA,NA,"Ya Ha Tinda elk project, Banff National Park, 2001-2020 (females)","GPS",NA,NA,NA,NA,NA,NA,NA,NA,NA,NA,NA,NA,NA,NA,NA,NA,NA,"f",NA,"Cervus elaphus","2004-02-19 19:00:36.000","2004-10-10 21:46:27.000",3928,1,"gps","ssp. canadensis","YL78","YL78.2004",-116.156011092703,51.4256329677802,"2004-06-03 19:01:20",-116.1563,51.42521,"Cervus elaphus","GPS"
4,"YL78",2,1,2,1,124,1,26,2003,7.48604087505874,1,"YL78","true",1200770887,1200772663,1200770888,897981076,653,"YL78","Cervus elaphus",NA,NA,NA,NA,"Ya Ha Tinda elk project, Banff National Park, 2001-2020 (females)","GPS",NA,NA,NA,NA,NA,NA,NA,NA,NA,NA,NA,NA,NA,NA,NA,NA,NA,"f",NA,"Cervus elaphus","2004-02-19 19:00:36.000","2004-10-10 21:46:27.000",3928,1,"gps","ssp. canadensis","YL78","YL78.2004",-116.15595894344,51.4255525550799,"2004-06-03 19:01:20",-116.1563,51.42521,"Cervus elaphus","GPS"
4,"YL78",2,1,2,1,124,1,26,2003,7.48604087505874,1,"YL78","true",1200770887,1200772663,1200770888,897981076,653,"YL78","Cervus elaphus",NA,NA,NA,NA,"Ya Ha Tinda elk project, Banff National Park, 2001-2020 (females)","GPS",NA,NA,NA,NA,NA,NA,NA,NA,NA,NA,NA,NA,NA,NA,NA,NA,NA,"f",NA,"Cervus elaphus","2004-02-19 19:00:36.000","2004-10-10 21:46:27.000",3928,1,"gps","ssp. canadensis","YL78","YL78.2004",-116.156314817378,51.4261012966202,"2004-06-06 11:01:38",-116.1569,51.42576,"Cervus elaphus","GPS"
4,"YL78",2,1,2,1,124,1,26,2003,7.48604087505874,1,"YL78","true",1200770887,1200772663,1200770888,897981076,653,"YL78","Cervus elaphus",NA,NA,NA,NA,"Ya Ha Tinda elk project, Banff National Park, 2001-2020 (females)","GPS",NA,NA,NA,NA,NA,NA,NA,NA,NA,NA,NA,NA,NA,NA,NA,NA,NA,"f",NA,"Cervus elaphus","2004-02-19 19:00:36.000","2004-10-10 21:46:27.000",3928,1,"gps","ssp. canadensis","YL78","YL78.2004",-116.156919968659,51.4270343798319,"2004-06-05 05:00:59",-116.1578,51.42701,"Cervus elaphus","GPS"
4,"YL78",2,1,2,1,124,1,26,2003,7.48604087505874,1,"YL78","true",1200770887,1200772663,1200770888,897981076,653,"YL78","Cervus elaphus",NA,NA,NA,NA,"Ya Ha Tinda elk project, Banff National Park, 2001-2020 (females)","GPS",NA,NA,NA,NA,NA,NA,NA,NA,NA,NA,NA,NA,NA,NA,NA,NA,NA,"f",NA,"Cervus elaphus","2004-02-19 19:00:36.000","2004-10-10 21:46:27.000",3928,1,"gps","ssp. canadensis","YL78","YL78.2004",-116.156732767843,51.4267457391574,"2004-06-05 07:00:57",-116.1557,51.42649,"Cervus elaphus","GPS"
4,"YL78",2,1,2,1,124,1,26,2003,7.48604087505874,1,"YL78","true",1200770887,1200772663,1200770888,897981076,653,"YL78","Cervus elaphus",NA,NA,NA,NA,"Ya Ha Tinda elk project, Banff National Park, 2001-2020 (females)","GPS",NA,NA,NA,NA,NA,NA,NA,NA,NA,NA,NA,NA,NA,NA,NA,NA,NA,"f",NA,"Cervus elaphus","2004-02-19 19:00:36.000","2004-10-10 21:46:27.000",3928,1,"gps","ssp. canadensis","YL78","YL78.2004",-116.158200588848,51.4290088331445,"2004-06-20 13:00:40",-116.1574,51.42843,"Cervus elaphus","GPS"
4,"YL78",2,1,2,1,124,1,26,2003,7.48604087505874,1,"YL78","true",1200770887,1200772663,1200770888,897981076,653,"YL78","Cervus elaphus",NA,NA,NA,NA,"Ya Ha Tinda elk project, Banff National Park, 2001-2020 (females)","GPS",NA,NA,NA,NA,NA,NA,NA,NA,NA,NA,NA,NA,NA,NA,NA,NA,NA,"f",NA,"Cervus elaphus","2004-02-19 19:00:36.000","2004-10-10 21:46:27.000",3928,1,"gps","ssp. canadensis","YL78","YL78.2004",-116.157541500829,51.4279926778386,"2004-06-20 15:01:06",-116.1574,51.42842,"Cervus elaphus","GPS"
4,"YL78",2,1,2,1,124,1,26,2003,7.48604087505874,1,"YL78","true",1200770887,1200772663,1200770888,897981076,653,"YL78","Cervus elaphus",NA,NA,NA,NA,"Ya Ha Tinda elk project, Banff National Park, 2001-2020 (females)","GPS",NA,NA,NA,NA,NA,NA,NA,NA,NA,NA,NA,NA,NA,NA,NA,NA,NA,"f",NA,"Cervus elaphus","2004-02-19 19:00:36.000","2004-10-10 21:46:27.000",3928,1,"gps","ssp. canadensis","YL78","YL78.2004",-116.153250020741,51.4213750512875,"2004-06-06 19:00:56",-116.1527,51.42142,"Cervus elaphus","GPS"
4,"YL78",2,1,2,1,124,1,26,2003,7.48604087505874,1,"YL78","true",1200770887,1200772663,1200770888,897981076,653,"YL78","Cervus elaphus",NA,NA,NA,NA,"Ya Ha Tinda elk project, Banff National Park, 2001-2020 (females)","GPS",NA,NA,NA,NA,NA,NA,NA,NA,NA,NA,NA,NA,NA,NA,NA,NA,NA,"f",NA,"Cervus elaphus","2004-02-19 19:00:36.000","2004-10-10 21:46:27.000",3928,1,"gps","ssp. canadensis","YL78","YL78.2004",-116.153138693276,51.4212033524836,"2004-06-06 19:00:56",-116.1527,51.42142,"Cervus elaphus","GPS"
4,"YL78",2,1,2,1,124,1,26,2003,7.48604087505874,1,"YL78","true",1200770887,1200772663,1200770888,897981076,653,"YL78","Cervus elaphus",NA,NA,NA,NA,"Ya Ha Tinda elk project, Banff National Park, 2001-2020 (females)","GPS",NA,NA,NA,NA,NA,NA,NA,NA,NA,NA,NA,NA,NA,NA,NA,NA,NA,"f",NA,"Cervus elaphus","2004-02-19 19:00:36.000","2004-10-10 21:46:27.000",3928,1,"gps","ssp. canadensis","YL78","YL78.2004",-116.152910395742,51.4208512480003,"2004-06-06 23:01:56",-116.1524,51.42095,"Cervus elaphus","GPS"
4,"YL78",2,1,2,1,124,1,26,2003,7.48604087505874,1,"YL78","true",1200770887,1200772663,1200770888,897981076,653,"YL78","Cervus elaphus",NA,NA,NA,NA,"Ya Ha Tinda elk project, Banff National Park, 2001-2020 (females)","GPS",NA,NA,NA,NA,NA,NA,NA,NA,NA,NA,NA,NA,NA,NA,NA,NA,NA,"f",NA,"Cervus elaphus","2004-02-19 19:00:36.000","2004-10-10 21:46:27.000",3928,1,"gps","ssp. canadensis","YL78","YL78.2004",-116.153638730536,51.4219745420664,"2004-06-10 07:01:13",-116.1541,51.42213,"Cervus elaphus","GPS"
4,"YL78",2,1,2,1,124,1,26,2003,7.48604087505874,1,"YL78","true",1200770887,1200772663,1200770888,897981076,653,"YL78","Cervus elaphus",NA,NA,NA,NA,"Ya Ha Tinda elk project, Banff National Park, 2001-2020 (females)","GPS",NA,NA,NA,NA,NA,NA,NA,NA,NA,NA,NA,NA,NA,NA,NA,NA,NA,"f",NA,"Cervus elaphus","2004-02-19 19:00:36.000","2004-10-10 21:46:27.000",3928,1,"gps","ssp. canadensis","YL78","YL78.2004",-116.153674129997,51.4220291363216,"2004-06-10 07:01:13",-116.1541,51.42213,"Cervus elaphus","GPS"
4,"YL78",2,1,2,1,124,1,26,2003,7.48604087505874,1,"YL78","true",1200770887,1200772663,1200770888,897981076,653,"YL78","Cervus elaphus",NA,NA,NA,NA,"Ya Ha Tinda elk project, Banff National Park, 2001-2020 (females)","GPS",NA,NA,NA,NA,NA,NA,NA,NA,NA,NA,NA,NA,NA,NA,NA,NA,NA,"f",NA,"Cervus elaphus","2004-02-19 19:00:36.000","2004-10-10 21:46:27.000",3928,1,"gps","ssp. canadensis","YL78","YL78.2004",-116.154035687394,51.4225867343856,"2004-06-05 15:01:53",-116.1543,51.42286,"Cervus elaphus","GPS"
4,"YL78",2,1,2,1,124,1,26,2003,7.48604087505874,1,"YL78","true",1200770887,1200772663,1200770888,897981076,653,"YL78","Cervus elaphus",NA,NA,NA,NA,"Ya Ha Tinda elk project, Banff National Park, 2001-2020 (females)","GPS",NA,NA,NA,NA,NA,NA,NA,NA,NA,NA,NA,NA,NA,NA,NA,NA,NA,"f",NA,"Cervus elaphus","2004-02-19 19:00:36.000","2004-10-10 21:46:27.000",3928,1,"gps","ssp. canadensis","YL78","YL78.2004",-116.154148018055,51.4227599690526,"2004-06-05 15:01:53",-116.1543,51.42286,"Cervus elaphus","GPS"
4,"YL78",2,1,2,1,124,1,26,2003,7.48604087505874,1,"YL78","true",1200770887,1200772663,1200770888,897981076,653,"YL78","Cervus elaphus",NA,NA,NA,NA,"Ya Ha Tinda elk project, Banff National Park, 2001-2020 (females)","GPS",NA,NA,NA,NA,NA,NA,NA,NA,NA,NA,NA,NA,NA,NA,NA,NA,NA,"f",NA,"Cervus elaphus","2004-02-19 19:00:36.000","2004-10-10 21:46:27.000",3928,1,"gps","ssp. canadensis","YL78","YL78.2004",-116.154104543786,51.4226929238535,"2004-06-05 15:01:53",-116.1543,51.42286,"Cervus elaphus","GPS"
4,"YL78",2,1,2,1,124,1,26,2003,7.48604087505874,1,"YL78","true",1200770887,1200772663,1200770888,897981076,653,"YL78","Cervus elaphus",NA,NA,NA,NA,"Ya Ha Tinda elk project, Banff National Park, 2001-2020 (females)","GPS",NA,NA,NA,NA,NA,NA,NA,NA,NA,NA,NA,NA,NA,NA,NA,NA,NA,"f",NA,"Cervus elaphus","2004-02-19 19:00:36.000","2004-10-10 21:46:27.000",3928,1,"gps","ssp. canadensis","YL78","YL78.2004",-116.154227462943,51.4228824869153,"2004-06-05 15:01:53",-116.1543,51.42286,"Cervus elaphus","GPS"
4,"YL78",2,1,2,1,124,1,26,2003,7.48604087505874,1,"YL78","true",1200770887,1200772663,1200770888,897981076,653,"YL78","Cervus elaphus",NA,NA,NA,NA,"Ya Ha Tinda elk project, Banff National Park, 2001-2020 (females)","GPS",NA,NA,NA,NA,NA,NA,NA,NA,NA,NA,NA,NA,NA,NA,NA,NA,NA,"f",NA,"Cervus elaphus","2004-02-19 19:00:36.000","2004-10-10 21:46:27.000",3928,1,"gps","ssp. canadensis","YL78","YL78.2004",-116.154987573388,51.424054673762,"2004-06-03 23:00:56",-116.1551,51.42404,"Cervus elaphus","GPS"
4,"YL78",2,1,2,1,124,1,26,2003,7.48604087505874,1,"YL78","true",1200770887,1200772663,1200770888,897981076,653,"YL78","Cervus elaphus",NA,NA,NA,NA,"Ya Ha Tinda elk project, Banff National Park, 2001-2020 (females)","GPS",NA,NA,NA,NA,NA,NA,NA,NA,NA,NA,NA,NA,NA,NA,NA,NA,NA,"f",NA,"Cervus elaphus","2004-02-19 19:00:36.000","2004-10-10 21:46:27.000",3928,1,"gps","ssp. canadensis","YL78","YL78.2004",-116.155068460976,51.4241794088663,"2004-08-04 09:01:01",-116.1549,51.42414,"Cervus elaphus","GPS"
4,"YL78",2,1,2,1,124,1,26,2003,7.48604087505874,1,"YL78","true",1200770887,1200772663,1200770888,897981076,653,"YL78","Cervus elaphus",NA,NA,NA,NA,"Ya Ha Tinda elk project, Banff National Park, 2001-2020 (females)","GPS",NA,NA,NA,NA,NA,NA,NA,NA,NA,NA,NA,NA,NA,NA,NA,NA,NA,"f",NA,"Cervus elaphus","2004-02-19 19:00:36.000","2004-10-10 21:46:27.000",3928,1,"gps","ssp. canadensis","YL78","YL78.2004",-116.155631391787,51.4250474726242,"2004-06-03 21:00:57",-116.1557,51.42472,"Cervus elaphus","GPS"
4,"YL78",2,1,2,1,124,1,26,2003,7.48604087505874,1,"YL78","true",1200770887,1200772663,1200770888,897981076,653,"YL78","Cervus elaphus",NA,NA,NA,NA,"Ya Ha Tinda elk project, Banff National Park, 2001-2020 (females)","GPS",NA,NA,NA,NA,NA,NA,NA,NA,NA,NA,NA,NA,NA,NA,NA,NA,NA,"f",NA,"Cervus elaphus","2004-02-19 19:00:36.000","2004-10-10 21:46:27.000",3928,1,"gps","ssp. canadensis","YL78","YL78.2004",-116.15553527321,51.4248992561294,"2004-06-03 21:00:57",-116.1557,51.42472,"Cervus elaphus","GPS"
4,"YL78",2,1,2,1,124,1,26,2003,7.48604087505874,1,"YL78","true",1200770887,1200772663,1200770888,897981076,653,"YL78","Cervus elaphus",NA,NA,NA,NA,"Ya Ha Tinda elk project, Banff National Park, 2001-2020 (females)","GPS",NA,NA,NA,NA,NA,NA,NA,NA,NA,NA,NA,NA,NA,NA,NA,NA,NA,"f",NA,"Cervus elaphus","2004-02-19 19:00:36.000","2004-10-10 21:46:27.000",3928,1,"gps","ssp. canadensis","YL78","YL78.2004",-116.152673443221,51.4204857886804,"2004-06-12 01:00:59",-116.152,51.42048,"Cervus elaphus","GPS"
4,"YL78",2,1,2,1,124,1,26,2003,7.48604087505874,1,"YL78","true",1200770887,1200772663,1200770888,897981076,653,"YL78","Cervus elaphus",NA,NA,NA,NA,"Ya Ha Tinda elk project, Banff National Park, 2001-2020 (females)","GPS",NA,NA,NA,NA,NA,NA,NA,NA,NA,NA,NA,NA,NA,NA,NA,NA,NA,"f",NA,"Cervus elaphus","2004-02-19 19:00:36.000","2004-10-10 21:46:27.000",3928,1,"gps","ssp. canadensis","YL78","YL78.2004",-116.188806187541,51.4382316778307,"2004-07-19 07:00:54",-116.1861,51.44083,"Cervus elaphus","GPS"
4,"YL78",2,1,2,1,124,1,26,2003,7.48604087505874,1,"YL78","true",1200770887,1200772663,1200770888,897981076,653,"YL78","Cervus elaphus",NA,NA,NA,NA,"Ya Ha Tinda elk project, Banff National Park, 2001-2020 (females)","GPS",NA,NA,NA,NA,NA,NA,NA,NA,NA,NA,NA,NA,NA,NA,NA,NA,NA,"f",NA,"Cervus elaphus","2004-02-19 19:00:36.000","2004-10-10 21:46:27.000",3928,1,"gps","ssp. canadensis","YL78","YL78.2004",-116.195127870199,51.4403822178028,"2004-06-27 05:00:38",-116.1963,51.43968,"Cervus elaphus","GPS"
